Workbook

Sheet Designer
A1: INTERACTION ATOM DESIGNER
A3: INPUT | C3: Proximity | D3: ← select input source
A4: SIGNAL | C4: =IF($C$3="","",IF(OR($C$3="Proximity",$C$3="Gaze Direction",$C$3="Gaze Duration",$C$3="Stillness",$C$3="Velocity",$C$3="Slider",$C$3="Time",$C$3="Random"),"Continuous","Binary")) | D4: auto from Input
A5: RELATIONSHIP | C5: Bound
A6: MODE | C6: =IF(OR($C$4="",$C$5=""),"",IF(AND($C$4="Continuous",$C$5="Bound"),"Tracking",IF(AND($C$4="Continuous",$C$5="Unbound"),"Threshold Trigger",IF(AND($C$4="Binary",$C$5="Bound"),"Switch",IF(AND($C$4="Binary",$C$5="Unbound"),"One-Shot",""))))) | D6: =IF($C$6="Tracking","output tracks input continuously",IF($C$6="Threshold Trigger","threshold crossing triggers playback",IF($C$6="Switch","output switches between ON/OFF states",IF($C$6="One-Shot","event triggers independent playback",""))))
A8: CURVE | C8: Linear
A9: INPUT RANGE | B9: min | C9: 0 | D9: =IF($C$6="Threshold Trigger","threshold","max") | E9: 5
A10: OUTPUT RANGE | B10: min | C10: 0 | D10: max | E10: 1
A11: ATTACK | C11: —
A12: RELEASE | C12: —
A13: DURATION | C13: — | D13: =IF(OR($C$6="Tracking",$C$6="Switch"),"— continuous","sec")
A15: OUTPUT | C15: Emission Intensity
A16: DOMAIN | C16: Light
A17: SCENARIO | C17: Approach | D17: for timeline chart →
A19: RESULT
A20: =IF($C$6="Tracking",CONCATENATE("When ",$C$3," changes, ",$C$15," tracks it with a ",$C$8," curve."),IF($C$6="Threshold Trigger",CONCATENATE("When ",$C$3," crosses ",$E$9,", ",$C$15," plays a ",$C$8," shape for ",$C$13,"."),IF($C$6="Switch",CONCATENATE("When ",$C$3," activates, ",$C$15," transitions ",$C$11," on / ",$C$12," off."),CONCATENATE("When ",$C$3," fires, ",$C$15," plays a ",$C$8," shape for ",$C$13,"."))))
A21: =CONCATENATE("Mode: ",C6,IF(C8<>"—",CONCATENATE(" · Curve: ",C8),""),IF(AND(C11<>"—",C11<>""),CONCATENATE(" · Attack: ",C11),""),IF(AND(C12<>"—",C12<>""),CONCATENATE(" · Release: ",C12),""),IF(AND(C13<>"—",C13<>""),CONCATENATE(" · Duration: ",C13),""))
A22: =CONCATENATE("Coupling: ",IF($C$6="Tracking", CONCATENATE( IF($C$8="Linear","Attentive",IF($C$8="Inverse","Reluctant", IF($C$8="Ease-out","Responsive",IF($C$8="Ease-in","Delayed","Shaped")))), ", ", IF(OR($C$11="—",$C$11="Instant",$C$11=""), IF(OR($C$12="—",$C$12="Instant",$C$12=""),"crisp","lingering"), IF(OR($C$12="—",$C$12="Instant",$C$12=""),"reluctant onset, crisp","atmospheric"))),IF($C$6="Switch", CONCATENATE( IF(OR($C$11="Instant",$C$11="Fast"),"Eager","Reluctant"), ", ", IF(OR($C$12="Instant",$C$12="Fast"),"crisp","lingering")),IF($C$6="One-Shot", IF($C$8="Burst","Explosive, eager", IF($C$8="Swell","Organic, breathing", IF($C$8="Snap+tail","Sharp, then lingering", IF($C$8="Overshoot","Playful, bouncy","Expressive")))),"Threshold-triggered"))))
A24: COPY TO ATLAS → select row 26, copy, paste into Atlas sheet
A25: # | B25: Name | C25: Input | D25: Signal | E25: Rel | F25: Mode | G25: Curve | H25: In Min | I25: In Max | J25: Out Min | K25: Out Max | L25: Attack | M25: Release | N25: Duration | O25: Output | P25: Domain | Q25: Feel
B26: =CONCATENATE($C$3," → ",$C$15) | C26: =$C$3 | D26: =$C$4 | E26: =$C$5 | F26: =$C$6 | G26: =$C$8 | H26: =IF(OR($C$6="Threshold Trigger",$C$6="Switch",$C$6="One-Shot"),"—",$C$9) | I26: =IF(OR($C$6="Switch",$C$6="One-Shot"),"—",$E$9) | J26: =$C$10 | K26: =$E$10 | L26: =IF(OR($C$6="Threshold Trigger",$C$6="One-Shot"),"—",$C$11) | M26: =IF(OR($C$6="Threshold Trigger",$C$6="One-Shot"),"—",$C$12) | N26: =IF(OR($C$6="Tracking",$C$6="Switch"),"—",$C$13) | O26: =$C$15 | P26: =$C$16

Sheet Lookup
A1: Speed | B1: Factor
A2: Instant | B2: 1
A3: Fast | B3: 0.5
A4: Medium | B4: 0.2
A5: Slow | B5: 0.08
A6: Very Slow | B6: 0.03
A7: — | B7: 1
A10: Outputs
A11: Emission Intensity
A12: Emission Color
A13: Point/Spot Intensity
A14: Light Color
A15: Base Color
A16: Smoothness
A17: Metallic
A18: Alpha / Opacity
A19: Dissolve
A20: Fresnel / Rim Glow
A21: Normal Map Strength
... A48: Camera Shake

Sheet CurveData
A1: X | B1: Linear | C1: Ease-in | D1: Ease-out | E1: Ease-in-out | F1: Inverse | G1: S-curve | H1: Burst | I1: Swell | J1: Snap+tail | K1: Overshoot | L1: Spike | M1: ▶ Selected | O1: ref_x | P1: ref_y
A2: 0 | B2: 0 | C2: 0 | D2: 0 | E2: 0 | F2: 1 | G2: 0 | H2: 0 | I2: 0 | J2: 1 | K2: 0 | L2: 0 | M2: =IFERROR(INDEX($B2:$L2,1,MATCH(Designer!$C$8,$B$1:$L$1,0)),0) | O2: 0 | P2: 1
A3: 0.02 | B3: 0.02 | C3: 0.0004 | D3: 0.0396 | E3: 0.0008 | F3: 0.98 | G3: 0.001184 | H3: 0.445108 | I3: 0.062791 | J3: 0.923116 | K3: 0.444074 | L3: 0.4 | M3: =IFERROR(INDEX($B3:$L3,1,MATCH(Designer!$C$8,$B$1:$L$1,0)),0) | O3: 1 | P3: 1
A4: 0.04 | B4: 0.04 | C4: 0.0016 | D4: 0.0784 | E4: 0.0032 | F4: 0.96 | G4: 0.004672 | H4: 0.728848 | I4: 0.125333 | J4: 0.852144 | K4: 0.777283 | L4: 0.8 | M4: =IFERROR(INDEX($B4:$L4,1,MATCH(Designer!$C$8,$B$1:$L$1,0)),0)
A5: 0.06 | B5: 0.06 | C5: 0.0036 | D5: 0.1164 | E5: 0.0072 | F5: 0.94 | G5: 0.010368 | H5: 0.895095 | I5: 0.187381 | J5: 0.786628 | K5: 1.020387 | L5: 0.989474 | M5: =IFERROR(INDEX($B5:$L5,1,MATCH(Designer!$C$8,$B$1:$L$1,0)),0)
A6: 0.08 | B6: 0.08 | C6: 0.0064 | D6: 0.1536 | E6: 0.0128 | F6: 0.92 | G6: 0.018176 | H6: 0.977122 | I6: 0.24869 | J6: 0.726149 | K6: 1.190687 | L6: 0.968421 | M6: =IFERROR(INDEX($B6:$L6,1,MATCH(Designer!$C$8,$B$1:$L$1,0)),0)
A7: 0.1 | B7: 0.1 | C7: 0.01 | D7: 0.19 | E7: 0.02 | F7: 0.9 | G7: 0.028 | H7: 1 | I7: 0.309017 | J7: 0.67032 | K7: 1.302572 | L7: 0.947368 | M7: =IFERROR(INDEX($B7:$L7,1,MATCH(Designer!$C$8,$B$1:$L$1,0)),0)
A8: 0.12 | B8: 0.12 | C8: 0.0144 | D8: 0.2256 | E8: 0.0288 | F8: 0.88 | G8: 0.039744 | H8: 0.982477 | I8: 0.368125 | J8: 0.618783 | K8: 1.367971 | L8: 0.926316 | M8: =IFERROR(INDEX($B8:$L8,1,MATCH(Designer!$C$8,$B$1:$L$1,0)),0)
A9: 0.14 | B9: 0.14 | C9: 0.0196 | D9: 0.2604 | E9: 0.0392 | F9: 0.86 | G9: 0.053312 | H9: 0.938448 | I9: 0.425779 | J9: 0.571209 | K9: 1.396747 | L9: 0.905263 | M9: =IFERROR(INDEX($B9:$L9,1,MATCH(Designer!$C$8,$B$1:$L$1,0)),0)
A10: 0.16 | B10: 0.16 | C10: 0.0256 | D10: 0.2944 | E10: 0.0512 | F10: 0.84 | G10: 0.068608 | H10: 0.878099 | I10: 0.481754 | J10: 0.527292 | K10: 1.397024 | L10: 0.884211 | M10: =IFERROR(INDEX($B10:$L10,1,MATCH(Designer!$C$8,$B$1:$L$1,0)),0)
A11: 0.18 | B11: 0.18 | C11: 0.0324 | D11: 0.3276 | E11: 0.0648 | F11: 0.82 | G11: 0.085536 | H11: 0.808792 | I11: 0.535827 | J11: 0.486752 | K11: 1.375468 | L11: 0.863158 | M11: =IFERROR(INDEX($B11:$L11,1,MATCH(Designer!$C$8,$B$1:$L$1,0)),0)
A12: 0.2 | B12: 0.2 | C12: 0.04 | D12: 0.36 | E12: 0.08 | F12: 0.8 | G12: 0.104 | H12: 0.735759 | I12: 0.587785 | J12: 0.449329 | K12: 1.337525 | L12: 0.842105 | M12: =IFERROR(INDEX($B12:$L12,1,MATCH(Designer!$C$8,$B$1:$L$1,0)),0)
A13: 0.22 | B13: 0.22 | C13: 0.0484 | D13: 0.3916 | E13: 0.0968 | F13: 0.78 | G13: 0.123904 | H13: 0.662627 | I13: 0.637424 | J13: 0.414783 | K13: 1.287623 | L13: 0.821053 | M13: =IFERROR(INDEX($B13:$L13,1,MATCH(Designer!$C$8,$B$1:$L$1,0)),0)
A14: 0.24 | B14: 0.24 | C14: 0.0576 | D14: 0.4224 | E14: 0.1152 | F14: 0.76 | G14: 0.145152 | H14: 0.591833 | I14: 0.684547 | J14: 0.382893 | K14: 1.229338 | L14: 0.8 | M14: =IFERROR(INDEX($B14:$L14,1,MATCH(Designer!$C$8,$B$1:$L$1,0)),0)
A15: 0.26 | B15: 0.26 | C15: 0.0676 | D15: 0.4524 | E15: 0.1352 | F15: 0.74 | G15: 0.167648 | H15: 0.524931 | I15: 0.728969 | J15: 0.353455 | K15: 1.165541 | L15: 0.778947 | M15: =IFERROR(INDEX($B15:$L15,1,MATCH(Designer!$C$8,$B$1:$L$1,0)),0)
... A52: 1 | B52: 1 | C52: 1 | D52: 1 | E52: 1 | F52: 0 | G52: 1 | H52: 0.001234 | I52: 0 | J52: 0.018316 | K52: 0.032288 | L52: 0 | M52: =IFERROR(INDEX($B52:$L52,1,MATCH(Designer!$C$8,$B$1:$L$1,0)),0)

Sheet Timeline
A1: Time | B1: Approach | C1: Enter/Exit | D1: Pulse | E1: Oscillation | F1: ▶ Input | G1: ▶ Target | H1: ▶ Output
A2: 0 | B2: =MIN(1,MAX(0,(A2-0.5)/3)) | C2: =IF(AND(A2>=1,A2<3.5),1,0) | D2: =IF(AND(A2>=1,A2<1.3),1,0) | E2: =0.5+0.5*SIN(2*PI()*A2/2) | F2: =IFERROR(INDEX(B2:E2,1,MATCH(Designer!$C$17,B$1:E$1,0)),0) | G2: =IF(OR(Designer!$C$6="Tracking",Designer!$C$6="Switch"),IFERROR(INDEX(CurveData!$M$2:$M$52,MAX(1,MATCH(MAX(0,MIN(1,F2)),CurveData!$A$2:$A$52,1))),0),IF(AND(A2>=1,A2<=1+Designer!$C$13),IFERROR(INDEX(CurveData!$M$2:$M$52,MAX(1,MATCH(MAX(0,MIN(1,(A2-1)/Designer!$C$13)),CurveData!$A$2:$A$52,1))),0),0)) | H2: =G2
A3: 0.05 | B3: =MIN(1,MAX(0,(A3-0.5)/3)) | C3: =IF(AND(A3>=1,A3<3.5),1,0) | D3: =IF(AND(A3>=1,A3<1.3),1,0) | E3: =0.5+0.5*SIN(2*PI()*A3/2) | F3: =IFERROR(INDEX(B3:E3,1,MATCH(Designer!$C$17,B$1:E$1,0)),0) | G3: =IF(OR(Designer!$C$6="Tracking",Designer!$C$6="Switch"),IFERROR(INDEX(CurveData!$M$2:$M$52,MAX(1,MATCH(MAX(0,MIN(1,F3)),CurveData!$A$2:$A$52,1))),0),IF(AND(A3>=1,A3<=1+Designer!$C$13),IFERROR(INDEX(CurveData!$M$2:$M$52,MAX(1,MATCH(MAX(0,MIN(1,(A3-1)/Designer!$C$13)),CurveData!$A$2:$A$52,1))),0),0)) | H3: =IF(OR(Designer!$C$6="Threshold Trigger",Designer!$C$6="One-Shot"),G3,H2+(G3-H2)*IF(G3>H2,IFERROR(VLOOKUP(Designer!$C$11,Lookup!$A$2:$B$7,2,FALSE),1),IFERROR(VLOOKUP(Designer!$C$12,Lookup!$A$2:$B$7,2,FALSE),1)))
A4: 0.1 | B4: =MIN(1,MAX(0,(A4-0.5)/3)) | C4: =IF(AND(A4>=1,A4<3.5),1,0) | D4: =IF(AND(A4>=1,A4<1.3),1,0) | E4: =0.5+0.5*SIN(2*PI()*A4/2) | F4: =IFERROR(INDEX(B4:E4,1,MATCH(Designer!$C$17,B$1:E$1,0)),0) | G4: =IF(OR(Designer!$C$6="Tracking",Designer!$C$6="Switch"),IFERROR(INDEX(CurveData!$M$2:$M$52,MAX(1,MATCH(MAX(0,MIN(1,F4)),CurveData!$A$2:$A$52,1))),0),IF(AND(A4>=1,A4<=1+Designer!$C$13),IFERROR(INDEX(CurveData!$M$2:$M$52,MAX(1,MATCH(MAX(0,MIN(1,(A4-1)/Designer!$C$13)),CurveData!$A$2:$A$52,1))),0),0)) | H4: =IF(OR(Designer!$C$6="Threshold Trigger",Designer!$C$6="One-Shot"),G4,H3+(G4-H3)*IF(G4>H3,IFERROR(VLOOKUP(Designer!$C$11,Lookup!$A$2:$B$7,2,FALSE),1),IFERROR(VLOOKUP(Designer!$C$12,Lookup!$A$2:$B$7,2,FALSE),1)))
A5: 0.15 | B5: =MIN(1,MAX(0,(A5-0.5)/3)) | C5: =IF(AND(A5>=1,A5<3.5),1,0) | D5: =IF(AND(A5>=1,A5<1.3),1,0) | E5: =0.5+0.5*SIN(2*PI()*A5/2) | F5: =IFERROR(INDEX(B5:E5,1,MATCH(Designer!$C$17,B$1:E$1,0)),0) | G5: =IF(OR(Designer!$C$6="Tracking",Designer!$C$6="Switch"),IFERROR(INDEX(CurveData!$M$2:$M$52,MAX(1,MATCH(MAX(0,MIN(1,F5)),CurveData!$A$2:$A$52,1))),0),IF(AND(A5>=1,A5<=1+Designer!$C$13),IFERROR(INDEX(CurveData!$M$2:$M$52,MAX(1,MATCH(MAX(0,MIN(1,(A5-1)/Designer!$C$13)),CurveData!$A$2:$A$52,1))),0),0)) | H5: =IF(OR(Designer!$C$6="Threshold Trigger",Designer!$C$6="One-Shot"),G5,H4+(G5-H4)*IF(G5>H4,IFERROR(VLOOKUP(Designer!$C$11,Lookup!$A$2:$B$7,2,FALSE),1),IFERROR(VLOOKUP(Designer!$C$12,Lookup!$A$2:$B$7,2,FALSE),1)))
A6: 0.2 | B6: =MIN(1,MAX(0,(A6-0.5)/3)) | C6: =IF(AND(A6>=1,A6<3.5),1,0) | D6: =IF(AND(A6>=1,A6<1.3),1,0) | E6: =0.5+0.5*SIN(2*PI()*A6/2) | F6: =IFERROR(INDEX(B6:E6,1,MATCH(Designer!$C$17,B$1:E$1,0)),0) | G6: =IF(OR(Designer!$C$6="Tracking",Designer!$C$6="Switch"),IFERROR(INDEX(CurveData!$M$2:$M$52,MAX(1,MATCH(MAX(0,MIN(1,F6)),CurveData!$A$2:$A$52,1))),0),IF(AND(A6>=1,A6<=1+Designer!$C$13),IFERROR(INDEX(CurveData!$M$2:$M$52,MAX(1,MATCH(MAX(0,MIN(1,(A6-1)/Designer!$C$13)),CurveData!$A$2:$A$52,1))),0),0)) | H6: =IF(OR(Designer!$C$6="Threshold Trigger",Designer!$C$6="One-Shot"),G6,H5+(G6-H5)*IF(G6>H5,IFERROR(VLOOKUP(Designer!$C$11,Lookup!$A$2:$B$7,2,FALSE),1),IFERROR(VLOOKUP(Designer!$C$12,Lookup!$A$2:$B$7,2,FALSE),1)))
A7: 0.25 | B7: =MIN(1,MAX(0,(A7-0.5)/3)) | C7: =IF(AND(A7>=1,A7<3.5),1,0) | D7: =IF(AND(A7>=1,A7<1.3),1,0) | E7: =0.5+0.5*SIN(2*PI()*A7/2) | F7: =IFERROR(INDEX(B7:E7,1,MATCH(Designer!$C$17,B$1:E$1,0)),0) | G7: =IF(OR(Designer!$C$6="Tracking",Designer!$C$6="Switch"),IFERROR(INDEX(CurveData!$M$2:$M$52,MAX(1,MATCH(MAX(0,MIN(1,F7)),CurveData!$A$2:$A$52,1))),0),IF(AND(A7>=1,A7<=1+Designer!$C$13),IFERROR(INDEX(CurveData!$M$2:$M$52,MAX(1,MATCH(MAX(0,MIN(1,(A7-1)/Designer!$C$13)),CurveData!$A$2:$A$52,1))),0),0)) | H7: =IF(OR(Designer!$C$6="Threshold Trigger",Designer!$C$6="One-Shot"),G7,H6+(G7-H6)*IF(G7>H6,IFERROR(VLOOKUP(Designer!$C$11,Lookup!$A$2:$B$7,2,FALSE),1),IFERROR(VLOOKUP(Designer!$C$12,Lookup!$A$2:$B$7,2,FALSE),1)))
A8: 0.3 | B8: =MIN(1,MAX(0,(A8-0.5)/3)) | C8: =IF(AND(A8>=1,A8<3.5),1,0) | D8: =IF(AND(A8>=1,A8<1.3),1,0) | E8: =0.5+0.5*SIN(2*PI()*A8/2) | F8: =IFERROR(INDEX(B8:E8,1,MATCH(Designer!$C$17,B$1:E$1,0)),0) | G8: =IF(OR(Designer!$C$6="Tracking",Designer!$C$6="Switch"),IFERROR(INDEX(CurveData!$M$2:$M$52,MAX(1,MATCH(MAX(0,MIN(1,F8)),CurveData!$A$2:$A$52,1))),0),IF(AND(A8>=1,A8<=1+Designer!$C$13),IFERROR(INDEX(CurveData!$M$2:$M$52,MAX(1,MATCH(MAX(0,MIN(1,(A8-1)/Designer!$C$13)),CurveData!$A$2:$A$52,1))),0),0)) | H8: =IF(OR(Designer!$C$6="Threshold Trigger",Designer!$C$6="One-Shot"),G8,H7+(G8-H7)*IF(G8>H7,IFERROR(VLOOKUP(Designer!$C$11,Lookup!$A$2:$B$7,2,FALSE),1),IFERROR(VLOOKUP(Designer!$C$12,Lookup!$A$2:$B$7,2,FALSE),1)))
A9: 0.35 | B9: =MIN(1,MAX(0,(A9-0.5)/3)) | C9: =IF(AND(A9>=1,A9<3.5),1,0) | D9: =IF(AND(A9>=1,A9<1.3),1,0) | E9: =0.5+0.5*SIN(2*PI()*A9/2) | F9: =IFERROR(INDEX(B9:E9,1,MATCH(Designer!$C$17,B$1:E$1,0)),0) | G9: =IF(OR(Designer!$C$6="Tracking",Designer!$C$6="Switch"),IFERROR(INDEX(CurveData!$M$2:$M$52,MAX(1,MATCH(MAX(0,MIN(1,F9)),CurveData!$A$2:$A$52,1))),0),IF(AND(A9>=1,A9<=1+Designer!$C$13),IFERROR(INDEX(CurveData!$M$2:$M$52,MAX(1,MATCH(MAX(0,MIN(1,(A9-1)/Designer!$C$13)),CurveData!$A$2:$A$52,1))),0),0)) | H9: =IF(OR(Designer!$C$6="Threshold Trigger",Designer!$C$6="One-Shot"),G9,H8+(G9-H8)*IF(G9>H8,IFERROR(VLOOKUP(Designer!$C$11,Lookup!$A$2:$B$7,2,FALSE),1),IFERROR(VLOOKUP(Designer!$C$12,Lookup!$A$2:$B$7,2,FALSE),1)))
A10: 0.4 | B10: =MIN(1,MAX(0,(A10-0.5)/3)) | C10: =IF(AND(A10>=1,A10<3.5),1,0) | D10: =IF(AND(A10>=1,A10<1.3),1,0) | E10: =0.5+0.5*SIN(2*PI()*A10/2) | F10: =IFERROR(INDEX(B10:E10,1,MATCH(Designer!$C$17,B$1:E$1,0)),0) | G10: =IF(OR(Designer!$C$6="Tracking",Designer!$C$6="Switch"),IFERROR(INDEX(CurveData!$M$2:$M$52,MAX(1,MATCH(MAX(0,MIN(1,F10)),CurveData!$A$2:$A$52,1))),0),IF(AND(A10>=1,A10<=1+Designer!$C$13),IFERROR(INDEX(CurveData!$M$2:$M$52,MAX(1,MATCH(MAX(0,MIN(1,(A10-1)/Designer!$C$13)),CurveData!$A$2:$A$52,1))),0),0)) | H10: =IF(OR(Designer!$C$6="Threshold Trigger",Designer!$C$6="One-Shot"),G10,H9+(G10-H9)*IF(G10>H9,IFERROR(VLOOKUP(Designer!$C$11,Lookup!$A$2:$B$7,2,FALSE),1),IFERROR(VLOOKUP(Designer!$C$12,Lookup!$A$2:$B$7,2,FALSE),1)))
A11: 0.45 | B11: =MIN(1,MAX(0,(A11-0.5)/3)) | C11: =IF(AND(A11>=1,A11<3.5),1,0) | D11: =IF(AND(A11>=1,A11<1.3),1,0) | E11: =0.5+0.5*SIN(2*PI()*A11/2) | F11: =IFERROR(INDEX(B11:E11,1,MATCH(Designer!$C$17,B$1:E$1,0)),0) | G11: =IF(OR(Designer!$C$6="Tracking",Designer!$C$6="Switch"),IFERROR(INDEX(CurveData!$M$2:$M$52,MAX(1,MATCH(MAX(0,MIN(1,F11)),CurveData!$A$2:$A$52,1))),0),IF(AND(A11>=1,A11<=1+Designer!$C$13),IFERROR(INDEX(CurveData!$M$2:$M$52,MAX(1,MATCH(MAX(0,MIN(1,(A11-1)/Designer!$C$13)),CurveData!$A$2:$A$52,1))),0),0)) | H11: =IF(OR(Designer!$C$6="Threshold Trigger",Designer!$C$6="One-Shot"),G11,H10+(G11-H10)*IF(G11>H10,IFERROR(VLOOKUP(Designer!$C$11,Lookup!$A$2:$B$7,2,FALSE),1),IFERROR(VLOOKUP(Designer!$C$12,Lookup!$A$2:$B$7,2,FALSE),1)))
A12: 0.5 | B12: =MIN(1,MAX(0,(A12-0.5)/3)) | C12: =IF(AND(A12>=1,A12<3.5),1,0) | D12: =IF(AND(A12>=1,A12<1.3),1,0) | E12: =0.5+0.5*SIN(2*PI()*A12/2) | F12: =IFERROR(INDEX(B12:E12,1,MATCH(Designer!$C$17,B$1:E$1,0)),0) | G12: =IF(OR(Designer!$C$6="Tracking",Designer!$C$6="Switch"),IFERROR(INDEX(CurveData!$M$2:$M$52,MAX(1,MATCH(MAX(0,MIN(1,F12)),CurveData!$A$2:$A$52,1))),0),IF(AND(A12>=1,A12<=1+Designer!$C$13),IFERROR(INDEX(CurveData!$M$2:$M$52,MAX(1,MATCH(MAX(0,MIN(1,(A12-1)/Designer!$C$13)),CurveData!$A$2:$A$52,1))),0),0)) | H12: =IF(OR(Designer!$C$6="Threshold Trigger",Designer!$C$6="One-Shot"),G12,H11+(G12-H11)*IF(G12>H11,IFERROR(VLOOKUP(Designer!$C$11,Lookup!$A$2:$B$7,2,FALSE),1),IFERROR(VLOOKUP(Designer!$C$12,Lookup!$A$2:$B$7,2,FALSE),1)))
A13: 0.55 | B13: =MIN(1,MAX(0,(A13-0.5)/3)) | C13: =IF(AND(A13>=1,A13<3.5),1,0) | D13: =IF(AND(A13>=1,A13<1.3),1,0) | E13: =0.5+0.5*SIN(2*PI()*A13/2) | F13: =IFERROR(INDEX(B13:E13,1,MATCH(Designer!$C$17,B$1:E$1,0)),0) | G13: =IF(OR(Designer!$C$6="Tracking",Designer!$C$6="Switch"),IFERROR(INDEX(CurveData!$M$2:$M$52,MAX(1,MATCH(MAX(0,MIN(1,F13)),CurveData!$A$2:$A$52,1))),0),IF(AND(A13>=1,A13<=1+Designer!$C$13),IFERROR(INDEX(CurveData!$M$2:$M$52,MAX(1,MATCH(MAX(0,MIN(1,(A13-1)/Designer!$C$13)),CurveData!$A$2:$A$52,1))),0),0)) | H13: =IF(OR(Designer!$C$6="Threshold Trigger",Designer!$C$6="One-Shot"),G13,H12+(G13-H12)*IF(G13>H12,IFERROR(VLOOKUP(Designer!$C$11,Lookup!$A$2:$B$7,2,FALSE),1),IFERROR(VLOOKUP(Designer!$C$12,Lookup!$A$2:$B$7,2,FALSE),1)))
A14: 0.6 | B14: =MIN(1,MAX(0,(A14-0.5)/3)) | C14: =IF(AND(A14>=1,A14<3.5),1,0) | D14: =IF(AND(A14>=1,A14<1.3),1,0) | E14: =0.5+0.5*SIN(2*PI()*A14/2) | F14: =IFERROR(INDEX(B14:E14,1,MATCH(Designer!$C$17,B$1:E$1,0)),0) | G14: =IF(OR(Designer!$C$6="Tracking",Designer!$C$6="Switch"),IFERROR(INDEX(CurveData!$M$2:$M$52,MAX(1,MATCH(MAX(0,MIN(1,F14)),CurveData!$A$2:$A$52,1))),0),IF(AND(A14>=1,A14<=1+Designer!$C$13),IFERROR(INDEX(CurveData!$M$2:$M$52,MAX(1,MATCH(MAX(0,MIN(1,(A14-1)/Designer!$C$13)),CurveData!$A$2:$A$52,1))),0),0)) | H14: =IF(OR(Designer!$C$6="Threshold Trigger",Designer!$C$6="One-Shot"),G14,H13+(G14-H13)*IF(G14>H13,IFERROR(VLOOKUP(Designer!$C$11,Lookup!$A$2:$B$7,2,FALSE),1),IFERROR(VLOOKUP(Designer!$C$12,Lookup!$A$2:$B$7,2,FALSE),1)))
... A102: 5 | B102: =MIN(1,MAX(0,(A102-0.5)/3)) | C102: =IF(AND(A102>=1,A102<3.5),1,0) | D102: =IF(AND(A102>=1,A102<1.3),1,0) | E102: =0.5+0.5*SIN(2*PI()*A102/2) | F102: =IFERROR(INDEX(B102:E102,1,MATCH(Designer!$C$17,B$1:E$1,0)),0) | G102: =IF(OR(Designer!$C$6="Tracking",Designer!$C$6="Switch"),IFERROR(INDEX(CurveData!$M$2:$M$52,MAX(1,MATCH(MAX(0,MIN(1,F102)),CurveData!$A$2:$A$52,1))),0),IF(AND(A102>=1,A102<=1+Designer!$C$13),IFERROR(INDEX(CurveData!$M$2:$M$52,MAX(1,MATCH(MAX(0,MIN(1,(A102-1)/Designer!$C$13)),CurveData!$A$2:$A$52,1))),0),0)) | H102: =IF(OR(Designer!$C$6="Threshold Trigger",Designer!$C$6="One-Shot"),G102,H101+(G102-H101)*IF(G102>H101,IFERROR(VLOOKUP(Designer!$C$11,Lookup!$A$2:$B$7,2,FALSE),1),IFERROR(VLOOKUP(Designer!$C$12,Lookup!$A$2:$B$7,2,FALSE),1)))
